{
    "accuracy": 0.8524590163934426,
    "precision": 0.8529411764705882,
    "recall": 0.8787878787878788,
    "f1_score": 0.8656716417910447,
    "roc_auc": 0.8971861471861471
}