{
  "logistic": {
    "accuracy": 0.8524590163934426,
    "precision": 0.8529411764705882,
    "recall": 0.8787878787878788,
    "f1": 0.8656716417910447,
    "roc_auc": 0.8971861471861471
  },
  "decision_tree": {
    "accuracy": 0.7213114754098361,
    "precision": 0.7352941176470589,
    "recall": 0.7575757575757576,
    "f1": 0.746268656716418,
    "roc_auc": 0.7180735930735931
  },
  "random_forest": {
    "accuracy": 0.7540983606557377,
    "precision": 0.725,
    "recall": 0.8787878787878788,
    "f1": 0.7945205479452054,
    "roc_auc": 0.8917748917748918
  },
  "neural_net": {
    "accuracy": 0.819672131147541,
    "precision": 0.7894736842105263,
    "recall": 0.9090909090909091,
    "f1": 0.8450704225352113,
    "roc_auc": 0.8971861471861472
  }
}